﻿<?xml version="1.0" encoding="utf-8"?>
<DesktopMiao action_version="1.0">
  <actions>
    <walk repeat="y">
      <detail index="1" duration="15" speed_x="10" speed_y="0" />
      <detail index="2" duration="15" speed_x="10" speed_y="0" />
      <detail index="1" duration="15" speed_x="10" speed_y="0" />
      <detail index="3" duration="15" speed_x="10" speed_y="0" />
    </walk>
    <fall repeat="y">
      <detail index="1" duration="5" speed_x="10" speed_y="0" />
    </fall>
    <rise repeat="y">
      <detail index="1" duration="5" speed_x="10" speed_y="0" />
    </rise>
    <crawl repeat="y">
      <detail index="1" duration="5" speed_x="10" speed_y="0" />
    </crawl>
    <appear repeat="n">
      <detail index="1" duration="5" speed_x="10" speed_y="0" />
    </appear>
    <disappear repeat="n">
      <detail index="1" duration="5" speed_x="10" speed_y="0" />
    </disappear>
    <stand repeat="y">
      <detail index="1" duration="5" speed_x="10" speed_y="0" />
    </stand>
    <sit repeat="y">
      <detail index="1" duration="5" speed_x="10" speed_y="0" />
    </sit>
    <drag_high_speed repeat="y">
      <detail index="1" duration="5" speed_x="10" speed_y="0" />
    </drag_high_speed>
    <drag_mid_speed repeat="y">
      <detail index="1" duration="5" speed_x="10" speed_y="0" />
    </drag_mid_speed>
    <drag_low_speed repeat="y">
      <detail index="1" duration="5" speed_x="10" speed_y="0" />
    </drag_low_speed>
    <land repeat="y">
      <detail index="1" duration="5" speed_x="10" speed_y="0" />
    </land>
    <climb repeat="y">
      <detail index="1" duration="5" speed_x="10" speed_y="0" />
    </climb>
    <hang repeat="y">
      <detail index="1" duration="5" speed_x="10" speed_y="0" />
    </hang>
  </actions>
  <character_border default_top="0" default_left="0" default_bottom="128" default_right="128">
    <border index="1" top="0" left="0" bottom="128" right="128" />
  </character_border>
</DesktopMiao>