﻿<?xml version="1.0" encoding="utf-8"?>
<DesktopMiao action_version="1.0">
  <actions>
    <walk repeat="y">
      <detail index="1" duration="15" speed_x="5" speed_y="0" />
      <detail index="2" duration="15" speed_x="5" speed_y="0" />
      <detail index="1" duration="15" speed_x="5" speed_y="0" />
      <detail index="3" duration="15" speed_x="5" speed_y="0" />
    </walk>
    <fall repeat="y">
      <detail index="4" duration="5" speed_x="0" speed_y="0" />
    </fall>
    <rise repeat="y">
      <detail index="19" duration="5" speed_x="0" speed_y="0" />
    </rise>
    <crawl repeat="y">
      <detail index="20" duration="50" speed_x="0" speed_y="0" />
      <detail index="21" duration="70" speed_x="5" speed_y="0" />
    </crawl>
    <appear repeat="n">
      <detail index="41" duration="15" speed_x="0" speed_y="0" />
      <detail index="40" duration="15" speed_x="0" speed_y="0" />
      <detail index="39" duration="15" speed_x="0" speed_y="0" />
      <detail index="38" duration="15" speed_x="0" speed_y="0" />
      <detail index="37" duration="15" speed_x="0" speed_y="0" />
    </appear>
    <disappear repeat="n">
      <detail index="37" duration="15" speed_x="0" speed_y="0" />
      <detail index="38" duration="15" speed_x="0" speed_y="0" />
      <detail index="39" duration="15" speed_x="0" speed_y="0" />
      <detail index="40" duration="15" speed_x="0" speed_y="0" />
      <detail index="41" duration="15" speed_x="0" speed_y="0" />
    </disappear>
    <stand repeat="y">
      <detail index="1" duration="5" speed_x="0" speed_y="0" />
    </stand>
    <sit repeat="y">
      <detail index="11" duration="5" speed_x="0" speed_y="0" />
    </sit>
    <drag_high_speed repeat="y">
      <detail index="10" duration="5" speed_x="0" speed_y="0" />
    </drag_high_speed>
    <drag_mid_speed repeat="y">
      <detail index="8" duration="5" speed_x="0" speed_y="0" />
    </drag_mid_speed>
    <drag_low_speed repeat="y">
      <detail index="6" duration="5" speed_x="0" speed_y="0" />
    </drag_low_speed>
    <land repeat="n">
      <detail index="18" duration="5" speed_x="0" speed_y="0" />
      <detail index="19" duration="10" speed_x="0" speed_y="0" />
      <detail index="18" duration="15" speed_x="0" speed_y="0" />
      <detail index="17" duration="15" speed_x="0" speed_y="0" />
    </land>
    <climb repeat="y">
      <detail index="14" duration="30" speed_x="0" speed_y="-3" />
      <detail index="13" duration="30" speed_x="0" speed_y="0" />
      <detail index="12" duration="30" speed_x="0" speed_y="-3" />
    </climb>
    <hang repeat="y">
      <detail index="25" duration="30" speed_x="3" speed_y="0" />
      <detail index="24" duration="30" speed_x="0" speed_y="0" />
      <detail index="23" duration="30" speed_x="3" speed_y="0" />
    </hang>
  </actions>
  <character_border default_top="64" default_left="64" default_bottom="128" default_right="64">
    <!-- <border index="1" top="0" left="0" bottom="128" right="128" /> -->
  </character_border>
</DesktopMiao>